epoch_no,start_time,end_time
0,2017-09-23 21:44:51,2017-09-28 21:44:31
1,2017-09-28 21:44:51,2017-10-03 21:44:31
2,2017-10-03 21:44:51,2017-10-08 21:44:31
3,2017-10-08 21:44:51,2017-10-13 21:44:31
4,2017-10-13 21:44:51,2017-10-18 21:44:31
5,2017-10-18 21:44:51,2017-10-23 21:44:31
6,2017-10-23 21:44:51,2017-10-28 21:44:31
7,2017-10-28 21:44:51,2017-11-02 21:44:31
8,2017-11-02 21:44:51,2017-11-07 21:44:31
9,2017-11-07 21:44:51,2017-11-12 21:44:31
10,2017-11-12 21:44:51,2017-11-17 21:44:31
11,2017-11-17 21:44:51,2017-11-22 21:44:31
12,2017-11-22 21:44:51,2017-11-27 21:44:31
13,2017-11-27 21:44:51,2017-12-02 21:44:31
14,2017-12-02 21:44:51,2017-12-07 21:44:31
15,2017-12-07 21:44:51,2017-12-12 21:44:31
16,2017-12-12 21:44:51,2017-12-17 21:44:31
17,2017-12-17 21:44:51,2017-12-22 21:44:31
18,2017-12-22 21:44:51,2017-12-27 21:44:31
19,2017-12-27 21:44:51,2018-01-01 21:44:31
20,2018-01-01 21:44:51,2018-01-06 21:44:31
21,2018-01-06 21:44:51,2018-01-11 21:44:31
22,2018-01-11 21:44:51,2018-01-16 21:44:31
23,2018-01-16 21:44:51,2018-01-21 21:44:31
24,2018-01-21 21:44:51,2018-01-26 21:44:31
25,2018-01-26 21:44:51,2018-01-31 21:44:31
26,2018-01-31 21:44:51,2018-02-05 21:44:31
27,2018-02-05 21:44:51,2018-02-10 21:44:31
28,2018-02-10 21:44:51,2018-02-15 21:44:31
29,2018-02-15 21:44:51,2018-02-20 21:44:31
30,2018-02-20 21:44:51,2018-02-25 21:44:31
31,2018-02-25 21:44:51,2018-03-02 21:44:31
32,2018-03-02 21:44:51,2018-03-07 21:44:31
33,2018-03-07 21:44:51,2018-03-12 21:44:31
34,2018-03-12 21:44:51,2018-03-17 21:44:31
35,2018-03-17 21:44:51,2018-03-22 21:44:31
36,2018-03-22 21:44:51,2018-03-27 21:44:31
37,2018-03-27 21:44:51,2018-04-01 21:44:31
38,2018-04-01 21:44:51,2018-04-06 21:44:31
39,2018-04-06 21:44:51,2018-04-11 21:44:31
40,2018-04-11 21:44:51,2018-04-16 21:44:31
41,2018-04-16 21:44:51,2018-04-21 21:44:31
42,2018-04-21 21:44:51,2018-04-26 21:44:31
43,2018-04-26 21:44:51,2018-05-01 21:44:31
44,2018-05-01 21:44:51,2018-05-06 21:44:31
45,2018-05-06 21:44:51,2018-05-11 21:44:31
46,2018-05-11 21:44:51,2018-05-16 21:44:31
47,2018-05-16 21:44:51,2018-05-21 21:44:31
48,2018-05-21 21:44:51,2018-05-26 21:44:31
49,2018-05-26 21:44:51,2018-05-31 21:44:31
50,2018-05-31 21:44:51,2018-06-05 21:44:31
51,2018-06-05 21:44:51,2018-06-10 21:44:31
52,2018-06-10 21:44:51,2018-06-15 21:44:31
53,2018-06-15 21:44:51,2018-06-20 21:44:31
54,2018-06-20 21:44:51,2018-06-25 21:44:31
55,2018-06-25 21:44:51,2018-06-30 21:44:31
56,2018-06-30 21:44:51,2018-07-05 21:44:31
57,2018-07-05 21:44:51,2018-07-10 21:44:31
58,2018-07-10 21:44:51,2018-07-15 21:44:31
59,2018-07-15 21:44:51,2018-07-20 21:44:31
60,2018-07-20 21:44:51,2018-07-25 21:44:31
61,2018-07-25 21:44:51,2018-07-30 21:44:31
62,2018-07-30 21:44:51,2018-08-04 21:44:31
63,2018-08-04 21:44:51,2018-08-09 21:44:31
64,2018-08-09 21:44:51,2018-08-14 21:44:31
65,2018-08-14 21:44:51,2018-08-19 21:44:31
66,2018-08-19 21:44:51,2018-08-24 21:44:31
67,2018-08-24 21:44:51,2018-08-29 21:44:31
68,2018-08-29 21:44:51,2018-09-03 21:44:31
69,2018-09-03 21:44:51,2018-09-08 21:44:31
70,2018-09-08 21:44:51,2018-09-13 21:44:31
71,2018-09-13 21:44:51,2018-09-18 21:44:31
72,2018-09-18 21:44:51,2018-09-23 21:44:31
73,2018-09-23 21:44:51,2018-09-28 21:44:31
74,2018-09-28 21:44:51,2018-10-03 21:44:31
75,2018-10-03 21:44:51,2018-10-08 21:44:31
76,2018-10-08 21:44:51,2018-10-13 21:44:31
77,2018-10-13 21:44:51,2018-10-18 21:44:31
78,2018-10-18 21:44:51,2018-10-23 21:44:31
79,2018-10-23 21:44:51,2018-10-28 21:44:31
80,2018-10-28 21:44:51,2018-11-02 21:44:31
81,2018-11-02 21:44:51,2018-11-07 21:44:31
82,2018-11-07 21:44:51,2018-11-12 21:44:31
83,2018-11-12 21:44:51,2018-11-17 21:44:31
84,2018-11-17 21:44:51,2018-11-22 21:44:31
85,2018-11-22 21:44:51,2018-11-27 21:44:31
86,2018-11-27 21:44:51,2018-12-02 21:44:31
87,2018-12-02 21:44:51,2018-12-07 21:44:31
88,2018-12-07 21:44:51,2018-12-12 21:44:31
89,2018-12-12 21:44:51,2018-12-17 21:44:31
90,2018-12-17 21:44:51,2018-12-22 21:44:31
91,2018-12-22 21:44:51,2018-12-27 21:44:31
92,2018-12-27 21:44:51,2019-01-01 21:44:31
93,2019-01-01 21:44:51,2019-01-06 21:44:31
94,2019-01-06 21:44:51,2019-01-11 21:44:31
95,2019-01-11 21:44:51,2019-01-16 21:44:31
96,2019-01-16 21:44:51,2019-01-21 21:44:31
97,2019-01-21 21:44:51,2019-01-26 21:44:31
98,2019-01-26 21:44:51,2019-01-31 21:44:31
99,2019-01-31 21:44:51,2019-02-05 21:44:31
100,2019-02-05 21:44:51,2019-02-10 21:44:31
101,2019-02-10 21:44:51,2019-02-15 21:44:31
102,2019-02-15 21:44:51,2019-02-20 21:44:31
103,2019-02-20 21:44:51,2019-02-25 21:44:31
104,2019-02-25 21:44:51,2019-03-02 21:44:31
105,2019-03-02 21:44:51,2019-03-07 21:44:31
106,2019-03-07 21:44:51,2019-03-12 21:44:31
107,2019-03-12 21:44:51,2019-03-17 21:44:31
108,2019-03-17 21:44:51,2019-03-22 21:44:31
109,2019-03-22 21:44:51,2019-03-27 21:44:31
110,2019-03-27 21:44:51,2019-04-01 21:44:31
111,2019-04-01 21:44:51,2019-04-06 21:44:31
112,2019-04-06 21:44:51,2019-04-11 21:44:31
113,2019-04-11 21:44:51,2019-04-16 21:44:31
114,2019-04-16 21:44:51,2019-04-21 21:44:31
115,2019-04-21 21:44:51,2019-04-26 21:44:31
116,2019-04-26 21:44:51,2019-05-01 21:44:31
117,2019-05-01 21:44:51,2019-05-06 21:44:31
118,2019-05-06 21:44:51,2019-05-11 21:44:31
119,2019-05-11 21:44:51,2019-05-16 21:44:31
120,2019-05-16 21:44:51,2019-05-21 21:44:31
121,2019-05-21 21:44:51,2019-05-26 21:44:31
122,2019-05-26 21:44:51,2019-05-31 21:44:31
123,2019-05-31 21:44:51,2019-06-05 21:44:31
124,2019-06-05 21:44:51,2019-06-10 21:44:31
125,2019-06-10 21:44:51,2019-06-15 21:44:31
126,2019-06-15 21:44:51,2019-06-20 21:44:31
127,2019-06-20 21:44:51,2019-06-25 21:44:31
128,2019-06-25 21:44:51,2019-06-30 21:44:31
129,2019-06-30 21:44:51,2019-07-05 21:44:31
130,2019-07-05 21:44:51,2019-07-10 21:44:31
131,2019-07-10 21:44:51,2019-07-15 21:44:31
132,2019-07-15 21:44:51,2019-07-20 21:44:31
133,2019-07-20 21:44:51,2019-07-25 21:44:31
134,2019-07-25 21:44:51,2019-07-30 21:44:31
135,2019-07-30 21:44:51,2019-08-04 21:44:31
136,2019-08-04 21:44:51,2019-08-09 21:44:31
137,2019-08-09 21:44:51,2019-08-14 21:44:31
138,2019-08-14 21:44:51,2019-08-19 21:44:31
139,2019-08-19 21:44:51,2019-08-24 21:44:31
140,2019-08-24 21:44:51,2019-08-29 21:44:31
141,2019-08-29 21:44:51,2019-09-03 21:44:31
142,2019-09-03 21:44:51,2019-09-08 21:44:31
143,2019-09-08 21:44:51,2019-09-13 21:44:31
144,2019-09-13 21:44:51,2019-09-18 21:44:31
145,2019-09-18 21:44:51,2019-09-23 21:44:31
146,2019-09-23 21:44:51,2019-09-28 21:44:31
147,2019-09-28 21:44:51,2019-10-03 21:44:31
148,2019-10-03 21:44:51,2019-10-08 21:44:31
149,2019-10-08 21:44:51,2019-10-13 21:44:31
150,2019-10-13 21:44:51,2019-10-18 21:44:31
151,2019-10-18 21:44:51,2019-10-23 21:44:31
152,2019-10-23 21:44:51,2019-10-28 21:44:31
153,2019-10-28 21:44:51,2019-11-02 21:44:31
154,2019-11-02 21:44:51,2019-11-07 21:44:31
155,2019-11-07 21:44:51,2019-11-12 21:44:31
156,2019-11-12 21:44:51,2019-11-17 21:44:31
157,2019-11-17 21:44:51,2019-11-22 21:44:31
158,2019-11-22 21:44:51,2019-11-27 21:44:31
159,2019-11-27 21:44:51,2019-12-02 21:44:31
160,2019-12-02 21:44:51,2019-12-07 21:44:31
161,2019-12-07 21:44:51,2019-12-12 21:44:31
162,2019-12-12 21:44:51,2019-12-17 21:44:31
163,2019-12-17 21:44:51,2019-12-22 21:44:31
164,2019-12-22 21:44:51,2019-12-27 21:44:31
165,2019-12-27 21:44:51,2020-01-01 21:44:31
166,2020-01-01 21:44:51,2020-01-06 21:44:31
167,2020-01-06 21:44:51,2020-01-11 21:44:31
168,2020-01-11 21:44:51,2020-01-16 21:44:31
169,2020-01-16 21:44:51,2020-01-21 21:44:31
170,2020-01-21 21:44:51,2020-01-26 21:44:31
171,2020-01-26 21:44:51,2020-01-31 21:44:31
172,2020-01-31 21:44:51,2020-02-05 21:44:31
173,2020-02-05 21:44:51,2020-02-10 21:44:31
174,2020-02-10 21:44:51,2020-02-15 21:44:31
175,2020-02-15 21:44:51,2020-02-20 21:44:31
176,2020-02-20 21:44:51,2020-02-25 21:44:31
177,2020-02-25 21:44:51,2020-03-01 21:44:31
178,2020-03-01 21:44:51,2020-03-06 21:44:31
179,2020-03-06 21:44:51,2020-03-11 21:44:31
180,2020-03-11 21:44:51,2020-03-16 21:44:31
181,2020-03-16 21:44:51,2020-03-21 21:44:31
182,2020-03-21 21:44:51,2020-03-26 21:44:31
183,2020-03-26 21:44:51,2020-03-31 21:44:31
184,2020-03-31 21:44:51,2020-04-05 21:44:31
185,2020-04-05 21:44:51,2020-04-10 21:44:31
186,2020-04-10 21:44:51,2020-04-15 21:44:31
187,2020-04-15 21:44:51,2020-04-20 21:44:31
188,2020-04-20 21:44:51,2020-04-25 21:44:31
189,2020-04-25 21:44:51,2020-04-30 21:44:31
190,2020-04-30 21:44:51,2020-05-05 21:44:31
191,2020-05-05 21:44:51,2020-05-10 21:44:31
192,2020-05-10 21:44:51,2020-05-15 21:44:31
193,2020-05-15 21:44:51,2020-05-20 21:44:31
194,2020-05-20 21:44:51,2020-05-25 21:44:31
195,2020-05-25 21:44:51,2020-05-30 21:44:31
196,2020-05-30 21:44:51,2020-06-04 21:44:31
197,2020-06-04 21:44:51,2020-06-09 21:44:31
198,2020-06-09 21:44:51,2020-06-14 21:44:31
199,2020-06-14 21:44:51,2020-06-19 21:44:31
200,2020-06-19 21:44:51,2020-06-24 21:44:31
201,2020-06-24 21:44:51,2020-06-29 21:44:31
202,2020-06-29 21:44:51,2020-07-04 21:44:31
203,2020-07-04 21:44:51,2020-07-09 21:44:31
204,2020-07-09 21:44:51,2020-07-14 21:44:31
205,2020-07-14 21:44:51,2020-07-19 21:44:31
206,2020-07-19 21:44:51,2020-07-24 21:44:31
207,2020-07-24 21:44:51,2020-07-29 21:44:31
208,2020-07-29 21:44:51,2020-08-03 21:44:31
209,2020-08-03 21:44:51,2020-08-08 21:44:31
210,2020-08-08 21:44:51,2020-08-13 21:44:31
211,2020-08-13 21:44:51,2020-08-18 21:44:28
212,2020-08-18 21:44:51,2020-08-23 21:44:26
213,2020-08-23 21:44:51,2020-08-28 21:44:25
214,2020-08-28 21:44:51,2020-09-02 21:44:24
215,2020-09-02 21:44:51,2020-09-07 21:44:23
216,2020-09-07 21:44:58,2020-09-12 21:44:23
217,2020-09-12 21:44:51,2020-09-17 21:44:22
218,2020-09-17 21:44:51,2020-09-22 21:44:22
219,2020-09-22 21:44:51,2020-09-27 21:44:20
220,2020-09-27 21:44:51,2020-10-02 21:44:19
221,2020-10-02 21:44:51,2020-10-07 21:44:22
222,2020-10-07 21:44:51,2020-10-12 21:44:25
223,2020-10-12 21:44:51,2020-10-17 21:44:16
224,2020-10-17 21:44:51,2020-10-22 21:44:28
225,2020-10-22 21:44:51,2020-10-27 21:44:46
226,2020-10-27 21:44:51,2020-11-01 21:44:12
227,2020-11-01 21:44:51,2020-11-06 21:44:14
228,2020-11-06 21:44:51,2020-11-11 21:44:47
229,2020-11-11 21:44:51,2020-11-16 21:44:07
230,2020-11-16 21:44:51,2020-11-21 21:44:42
231,2020-11-21 21:44:57,2020-11-26 21:44:03
232,2020-11-26 21:44:51,2020-12-01 21:44:22
233,2020-12-01 21:44:51,2020-12-06 21:44:38
234,2020-12-06 21:44:51,2020-12-11 21:44:50
235,2020-12-11 21:45:01,2020-12-16 21:43:48
236,2020-12-16 21:44:51,2020-12-21 21:44:06
237,2020-12-21 21:44:51,2020-12-26 21:44:33
238,2020-12-26 21:44:55,2020-12-31 21:43:55
239,2020-12-31 21:44:51,2021-01-05 21:44:23
240,2021-01-05 21:44:51,2021-01-10 21:44:06
241,2021-01-10 21:45:01,2021-01-15 21:44:48
242,2021-01-15 21:44:51,2021-01-20 21:44:36
243,2021-01-20 21:44:51,2021-01-25 21:44:50
244,2021-01-25 21:44:51,2021-01-30 21:44:38
245,2021-01-30 21:44:51,2021-02-04 21:43:27
246,2021-02-04 21:44:51,2021-02-09 21:44:27
247,2021-02-09 21:44:51,2021-02-14 21:44:03
248,2021-02-14 21:45:10,2021-02-19 21:44:47
249,2021-02-19 21:44:51,2021-02-24 21:44:33
250,2021-02-24 21:44:51,2021-03-01 21:44:44
251,2021-03-01 21:44:51,2021-03-06 21:44:46
252,2021-03-06 21:44:51,2021-03-11 21:44:19
253,2021-03-11 21:44:51,2021-03-16 21:44:49
254,2021-03-16 21:44:51,2021-03-21 21:44:22
255,2021-03-21 21:44:51,2021-03-26 21:44:36
256,2021-03-26 21:44:51,2021-03-31 21:44:45
257,2021-03-31 21:48:20,2021-04-05 21:44:46
258,2021-04-05 21:45:46,2021-04-10 21:44:39
259,2021-04-10 21:47:06,2021-04-15 21:44:37
260,2021-04-15 22:08:57,2021-04-20 21:44:27
261,2021-04-20 21:45:05,2021-04-25 21:44:45
262,2021-04-25 21:47:01,2021-04-30 21:44:44
263,2021-04-30 21:45:27,2021-05-05 21:44:49
264,2021-05-05 21:47:27,2021-05-10 21:44:37
265,2021-05-10 21:45:31,2021-05-15 21:44:40
266,2021-05-15 21:49:56,2021-05-20 21:44:38
267,2021-05-20 21:44:51,2021-05-25 21:44:45
268,2021-05-25 21:45:09,2021-05-30 21:44:29
269,2021-05-30 21:45:17,2021-06-04 21:44:32
270,2021-06-04 21:46:23,2021-06-09 21:43:58
271,2021-06-09 21:44:58,2021-06-14 21:44:19
272,2021-06-14 21:45:23,2021-06-19 21:44:47
273,2021-06-19 21:45:24,2021-06-24 21:44:49
274,2021-06-24 21:45:55,2021-06-29 21:44:31
275,2021-06-29 21:47:35,2021-07-04 21:44:46
276,2021-07-04 21:45:46,2021-07-09 21:44:43
277,2021-07-09 21:46:07,2021-07-14 21:44:48
278,2021-07-14 21:45:00,2021-07-19 21:44:39
279,2021-07-19 21:46:59,2021-07-24 21:44:41
280,2021-07-24 21:45:36,2021-07-29 21:44:44
281,2021-07-29 21:46:38,2021-08-03 21:44:42
282,2021-08-03 21:44:51,2021-08-08 21:44:46
283,2021-08-08 21:46:08,2021-08-13 21:44:15
284,2021-08-13 21:46:01,2021-08-18 21:44:48
285,2021-08-18 21:45:28,2021-08-23 21:44:42
286,2021-08-23 21:46:15,2021-08-28 21:44:47
287,2021-08-28 21:47:10,2021-09-02 21:44:45
288,2021-09-02 21:45:01,2021-09-07 21:44:48
289,2021-09-07 21:45:31,2021-09-12 21:44:47
290,2021-09-12 21:47:46,2021-09-17 21:44:49
291,2021-09-17 21:46:33,2021-09-22 21:44:36
292,2021-09-22 21:46:03,2021-09-27 21:44:36
293,2021-09-27 21:46:53,2021-10-02 21:44:37
294,2021-10-02 21:50:11,2021-10-07 21:44:31
295,2021-10-07 21:44:59,2021-10-12 21:44:44
296,2021-10-12 21:44:59,2021-10-17 21:44:14
297,2021-10-17 21:47:15,2021-10-22 21:44:43
298,2021-10-22 21:47:43,2021-10-27 21:44:45
299,2021-10-27 21:46:25,2021-11-01 21:44:45
300,2021-11-01 21:49:05,2021-11-06 21:44:35
301,2021-11-06 21:46:27,2021-11-11 21:44:15
302,2021-11-11 21:46:52,2021-11-16 21:44:14
303,2021-11-16 21:45:05,2021-11-21 21:44:23
304,2021-11-21 21:44:55,2021-11-26 21:43:39
305,2021-11-26 21:45:18,2021-12-01 21:44:40
306,2021-12-01 21:46:31,2021-12-06 21:44:50
307,2021-12-06 21:45:26,2021-12-11 21:43:57
308,2021-12-11 21:45:50,2021-12-16 21:43:58
309,2021-12-16 21:45:46,2021-12-21 21:44:45
310,2021-12-21 21:46:06,2021-12-26 21:44:36
311,2021-12-26 21:45:00,2021-12-31 21:44:46
312,2021-12-31 21:44:58,2022-01-05 21:44:40
313,2022-01-05 21:45:31,2022-01-10 21:44:33
314,2022-01-10 21:46:48,2022-01-15 21:44:03
315,2022-01-15 21:46:27,2022-01-20 21:44:38
316,2022-01-20 21:44:59,2022-01-25 21:44:50
317,2022-01-25 21:45:22,2022-01-30 21:44:31
318,2022-01-30 21:45:49,2022-02-04 21:44:26
319,2022-02-04 21:45:26,2022-02-09 21:44:03
320,2022-02-09 21:45:46,2022-02-14 21:44:31
321,2022-02-14 21:45:00,2022-02-19 21:44:23
322,2022-02-19 21:45:01,2022-02-24 21:44:29
323,2022-02-24 21:48:43,2022-03-01 21:44:42
324,2022-03-01 21:45:52,2022-03-06 21:44:45
325,2022-03-06 21:45:28,2022-03-11 21:44:47
326,2022-03-11 21:48:10,2022-03-16 21:44:08
327,2022-03-16 21:45:06,2022-03-21 21:44:10
328,2022-03-21 21:45:16,2022-03-26 21:43:35
329,2022-03-26 21:44:51,2022-03-31 21:44:35
330,2022-03-31 21:46:34,2022-04-05 21:44:35
331,2022-04-05 21:45:02,2022-04-10 21:44:42
332,2022-04-10 21:46:19,2022-04-15 21:44:42
333,2022-04-15 21:47:28,2022-04-20 21:44:48
334,2022-04-20 21:45:15,2022-04-25 21:44:50
335,2022-04-25 21:45:07,2022-04-30 21:44:36
336,2022-04-30 21:45:16,2022-05-05 21:44:43
337,2022-05-05 21:47:30,2022-05-10 21:44:32
338,2022-05-10 21:46:50,2022-05-15 21:44:36
339,2022-05-15 21:51:33,2022-05-20 21:43:05
340,2022-05-20 21:45:55,2022-05-25 21:44:42
341,2022-05-25 21:46:06,2022-05-30 21:44:47
342,2022-05-30 21:46:12,2022-06-04 21:44:08
343,2022-06-04 21:45:16,2022-06-09 21:44:47
344,2022-06-09 21:46:36,2022-06-14 21:44:35
345,2022-06-14 21:45:06,2022-06-19 21:44:39
346,2022-06-19 21:48:19,2022-06-24 21:44:28
347,2022-06-24 21:45:00,2022-06-29 21:44:42
348,2022-06-29 21:45:32,2022-07-04 21:43:45
349,2022-07-04 21:45:30,2022-07-09 21:44:47
350,2022-07-09 21:45:34,2022-07-14 21:44:42
351,2022-07-14 21:45:36,2022-07-19 21:44:07
352,2022-07-19 21:44:58,2022-07-24 21:44:17
353,2022-07-24 21:47:00,2022-07-29 21:44:31
354,2022-07-29 21:44:51,2022-08-03 21:44:50
355,2022-08-03 21:45:02,2022-08-08 21:44:46
356,2022-08-08 21:45:00,2022-08-13 21:44:46
357,2022-08-13 21:46:53,2022-08-18 21:44:42
358,2022-08-18 21:44:58,2022-08-23 21:44:46
359,2022-08-23 21:45:52,2022-08-28 21:42:39
360,2022-08-28 21:45:32,2022-09-02 21:44:28
361,2022-09-02 21:49:50,2022-09-07 21:44:46
362,2022-09-07 21:56:05,2022-09-12 21:44:47
363,2022-09-12 21:53:14,2022-09-17 21:44:21
364,2022-09-17 21:45:01,2022-09-22 21:44:47
365,2022-09-22 21:46:27,2022-09-27 21:44:36
366,2022-09-27 21:45:11,2022-10-02 21:44:26
367,2022-10-02 21:45:57,2022-10-07 21:44:31
368,2022-10-07 21:45:45,2022-10-12 21:44:36
369,2022-10-12 21:45:08,2022-10-17 21:44:34
370,2022-10-17 21:48:28,2022-10-22 21:44:24
371,2022-10-22 21:46:23,2022-10-27 21:44:30
372,2022-10-27 21:44:55,2022-11-01 21:44:35
373,2022-11-01 21:44:51,2022-11-06 21:44:46
374,2022-11-06 21:44:51,2022-11-11 21:44:47
375,2022-11-11 21:48:29,2022-11-16 21:44:38
376,2022-11-16 21:46:42,2022-11-21 21:44:19
377,2022-11-21 21:50:06,2022-11-26 21:44:28
378,2022-11-26 21:45:36,2022-12-01 21:43:59
379,2022-12-01 21:45:29,2022-12-06 21:43:55
380,2022-12-06 21:45:07,2022-12-11 21:44:45
381,2022-12-11 21:51:19,2022-12-16 21:44:04
382,2022-12-16 21:46:16,2022-12-21 21:44:40
383,2022-12-21 21:45:35,2022-12-26 21:44:46
384,2022-12-26 21:45:28,2022-12-31 21:43:57
385,2022-12-31 21:44:55,2023-01-05 21:44:42
386,2023-01-05 21:44:51,2023-01-10 21:44:22
387,2023-01-10 21:46:08,2023-01-15 21:44:49
388,2023-01-15 21:48:10,2023-01-20 21:44:39
389,2023-01-20 21:48:38,2023-01-25 21:44:33
390,2023-01-25 21:46:08,2023-01-30 21:44:37
391,2023-01-30 21:46:15,2023-02-04 21:44:37
392,2023-02-04 21:48:54,2023-02-09 21:44:34
393,2023-02-09 21:46:32,2023-02-14 21:44:50
394,2023-02-14 21:46:16,2023-02-19 21:44:43
395,2023-02-19 21:44:59,2023-02-24 21:44:48
396,2023-02-24 21:47:42,2023-03-01 21:44:38
397,2023-03-01 21:45:54,2023-03-06 21:44:50
398,2023-03-06 21:46:33,2023-03-11 21:44:09
399,2023-03-11 21:48:16,2023-03-16 21:44:34
400,2023-03-16 21:48:38,2023-03-21 21:44:34
401,2023-03-21 21:45:15,2023-03-26 21:44:25
402,2023-03-26 21:46:12,2023-03-31 21:44:44
403,2023-03-31 21:49:49,2023-04-05 21:44:31
404,2023-04-05 21:45:37,2023-04-10 21:44:09
405,2023-04-10 21:45:36,2023-04-15 21:44:43
406,2023-04-15 21:46:34,2023-04-20 21:44:45
407,2023-04-20 21:46:22,2023-04-25 21:44:32
408,2023-04-25 21:46:35,2023-04-30 21:44:42
409,2023-04-30 21:47:21,2023-05-05 21:44:13
410,2023-05-05 21:45:10,2023-05-10 21:44:27
411,2023-05-10 21:46:15,2023-05-15 21:44:41
412,2023-05-15 21:46:10,2023-05-20 21:43:39
413,2023-05-20 21:47:36,2023-05-25 21:44:33
414,2023-05-25 21:46:32,2023-05-30 21:44:42
415,2023-05-30 21:45:29,2023-06-04 21:44:50
416,2023-06-04 21:46:57,2023-06-09 21:44:47
417,2023-06-09 21:47:26,2023-06-14 21:44:28
418,2023-06-14 21:44:54,2023-06-19 21:44:13
419,2023-06-19 21:45:21,2023-06-24 21:44:39
420,2023-06-24 21:45:05,2023-06-29 21:44:38
421,2023-06-29 21:46:01,2023-07-04 21:44:43
422,2023-07-04 21:45:05,2023-07-09 21:44:48
423,2023-07-09 21:44:51,2023-07-14 21:44:36
424,2023-07-14 21:44:58,2023-07-19 21:44:40
425,2023-07-19 21:45:17,2023-07-24 21:44:37
426,2023-07-24 21:45:42,2023-07-29 21:44:44
427,2023-07-29 21:45:43,2023-08-03 21:44:49
428,2023-08-03 21:44:55,2023-08-08 21:44:29
429,2023-08-08 21:45:12,2023-08-13 21:44:32
430,2023-08-13 21:45:03,2023-08-18 21:44:28
431,2023-08-18 21:44:53,2023-08-23 21:44:20
432,2023-08-23 21:44:52,2023-08-28 21:44:44
433,2023-08-28 21:45:05,2023-09-02 21:44:21
434,2023-09-02 21:45:09,2023-09-07 21:44:50
435,2023-09-07 21:45:30,2023-09-12 21:44:43
436,2023-09-12 21:45:10,2023-09-17 21:44:44
437,2023-09-17 21:44:58,2023-09-22 21:43:46
438,2023-09-22 21:45:05,2023-09-27 21:44:41
439,2023-09-27 21:45:09,2023-10-02 21:44:42
440,2023-10-02 21:44:51,2023-10-07 21:43:27
441,2023-10-07 21:45:01,2023-10-12 21:44:33
442,2023-10-12 21:45:12,2023-10-17 21:44:02
443,2023-10-17 21:45:40,2023-10-22 21:44:05
444,2023-10-22 21:45:08,2023-10-27 21:44:39
445,2023-10-27 21:45:10,2023-11-01 21:44:49
446,2023-11-01 21:46:00,2023-11-06 21:44:41
447,2023-11-06 21:45:50,2023-11-11 21:44:49
448,2023-11-11 21:46:14,2023-11-16 21:44:12
449,2023-11-16 21:44:57,2023-11-21 21:44:43
450,2023-11-21 21:44:51,2023-11-26 21:44:36
451,2023-11-26 21:44:58,2023-12-01 21:44:22
452,2023-12-01 21:44:52,2023-12-06 21:44:48
453,2023-12-06 21:45:15,2023-12-11 21:44:42
454,2023-12-11 21:46:00,2023-12-16 21:44:34
455,2023-12-16 21:44:53,2023-12-21 21:44:19
456,2023-12-21 21:45:01,2023-12-26 21:44:25
457,2023-12-26 21:45:09,2023-12-31 21:44:29
458,2023-12-31 21:45:01,2024-01-05 21:44:41
459,2024-01-05 21:45:31,2024-01-10 21:44:46
460,2024-01-10 21:45:09,2024-01-15 21:44:47
461,2024-01-15 21:45:12,2024-01-20 21:44:46
462,2024-01-20 21:44:58,2024-01-25 21:44:39
463,2024-01-25 21:45:36,2024-01-30 21:44:40
464,2024-01-30 21:45:37,2024-02-04 21:44:42
465,2024-02-04 21:45:14,2024-02-09 21:44:29
466,2024-02-09 21:45:19,2024-02-14 21:44:35
467,2024-02-14 21:45:05,2024-02-19 21:44:37
468,2024-02-19 21:45:22,2024-02-24 21:44:26
469,2024-02-24 21:45:02,2024-02-29 21:44:46
470,2024-02-29 21:45:58,2024-03-05 21:44:44
471,2024-03-05 21:45:28,2024-03-10 21:43:29
472,2024-03-10 21:45:06,2024-03-15 21:44:18
473,2024-03-15 21:45:26,2024-03-20 21:44:35
474,2024-03-20 21:45:05,2024-03-25 21:44:43
475,2024-03-25 21:45:00,2024-03-30 21:44:49
476,2024-03-30 21:44:55,2024-04-04 21:44:37
477,2024-04-04 21:44:52,2024-04-09 21:44:35
478,2024-04-09 21:45:10,2024-04-14 21:44:17
479,2024-04-14 21:44:58,2024-04-19 21:44:26
480,2024-04-19 21:45:02,2024-04-24 21:44:14
481,2024-04-24 21:45:14,2024-04-29 21:44:36
482,2024-04-29 21:45:31,2024-05-04 21:44:43
483,2024-05-04 21:45:56,2024-05-09 21:44:50
484,2024-05-09 21:45:14,2024-05-14 21:44:46
485,2024-05-14 21:44:54,2024-05-19 21:44:49
486,2024-05-19 21:45:38,2024-05-24 21:44:16
487,2024-05-24 21:45:20,2024-05-29 21:44:11
488,2024-05-29 21:44:57,2024-06-03 21:44:22
489,2024-06-03 21:45:07,2024-06-08 21:44:44
490,2024-06-08 21:45:00,2024-06-13 21:44:40
491,2024-06-13 21:44:55,2024-06-18 21:44:34
492,2024-06-18 21:44:58,2024-06-23 21:44:40
493,2024-06-23 21:45:12,2024-06-28 21:44:33
494,2024-06-28 21:44:55,2024-07-03 21:44:36
495,2024-07-03 21:44:57,2024-07-08 21:44:31
496,2024-07-08 21:45:12,2024-07-13 21:43:52
497,2024-07-13 21:45:15,2024-07-18 21:44:47
498,2024-07-18 21:46:38,2024-07-23 21:44:48
499,2024-07-23 21:45:05,2024-07-28 21:44:28
500,2024-07-28 21:44:53,2024-08-02 21:44:43
501,2024-08-02 21:45:16,2024-08-07 21:44:44
502,2024-08-07 21:44:52,2024-08-12 21:44:18
503,2024-08-12 21:44:52,2024-08-17 21:44:13
504,2024-08-17 21:46:31,2024-08-22 21:44:35
505,2024-08-22 21:44:59,2024-08-27 21:44:43
506,2024-08-27 21:45:19,2024-09-01 21:44:50
507,2024-09-01 21:45:46,2024-09-06 21:44:09
508,2024-09-06 21:45:01,2024-09-11 21:44:04
509,2024-09-11 21:45:07,2024-09-16 21:44:40
510,2024-09-16 21:44:57,2024-09-21 21:44:45
511,2024-09-21 21:44:54,2024-09-26 21:44:48
512,2024-09-26 21:44:55,2024-10-01 21:44:44
513,2024-10-01 21:45:00,2024-10-06 21:44:44
514,2024-10-06 21:45:01,2024-10-11 21:44:49
515,2024-10-11 21:45:39,2024-10-16 21:44:45
516,2024-10-16 21:44:52,2024-10-21 21:44:32
517,2024-10-21 21:45:03,2024-10-26 21:43:12
518,2024-10-26 21:45:46,2024-10-31 21:44:50
519,2024-10-31 21:45:39,2024-11-05 21:44:44
520,2024-11-05 21:44:57,2024-11-10 21:44:16
521,2024-11-10 21:45:17,2024-11-15 21:44:30
522,2024-11-15 21:45:18,2024-11-20 21:44:49
523,2024-11-20 21:44:57,2024-11-25 21:44:48
524,2024-11-25 21:44:51,2024-11-30 21:44:24
525,2024-11-30 21:44:59,2024-12-05 21:43:48
526,2024-12-05 21:44:58,2024-12-10 21:44:27
527,2024-12-10 21:44:57,2024-12-15 21:44:41
528,2024-12-15 21:45:07,2024-12-20 21:44:48
529,2024-12-20 21:45:08,2024-12-25 21:44:41
530,2024-12-25 21:45:22,2024-12-30 21:44:44
531,2024-12-30 21:45:22,2025-01-04 21:44:49
532,2025-01-04 21:45:01,2025-01-09 21:44:40
533,2025-01-09 21:44:53,2025-01-14 21:44:37
534,2025-01-14 21:45:19,2025-01-19 21:44:39
535,2025-01-19 21:44:57,2025-01-24 21:44:12
536,2025-01-24 21:45:11,2025-01-29 21:43:58
537,2025-01-29 21:45:00,2025-02-03 21:44:16
538,2025-02-03 21:44:55,2025-02-08 21:44:28
539,2025-02-08 21:44:52,2025-02-13 21:44:26
540,2025-02-13 21:44:59,2025-02-18 21:44:29
541,2025-02-18 21:44:55,2025-02-23 21:44:30
542,2025-02-23 21:45:05,2025-02-28 21:44:13
543,2025-02-28 21:45:04,2025-03-05 21:44:30
544,2025-03-05 21:45:25,2025-03-10 21:44:39
545,2025-03-10 21:45:09,2025-03-15 21:44:08
546,2025-03-15 21:44:57,2025-03-20 21:44:18
547,2025-03-20 21:44:57,2025-03-25 21:44:41
548,2025-03-25 21:44:58,2025-03-30 21:44:36
549,2025-03-30 21:44:59,2025-04-04 21:44:40
550,2025-04-04 21:44:51,2025-04-09 21:44:41
551,2025-04-09 21:45:18,2025-04-14 21:44:16
552,2025-04-14 21:45:00,2025-04-19 21:43:43
553,2025-04-19 21:45:24,2025-04-24 21:44:47
554,2025-04-24 21:45:15,2025-04-29 21:44:47
555,2025-04-29 21:45:29,2025-05-04 21:44:45
556,2025-05-04 21:45:10,2025-05-09 21:44:49
557,2025-05-09 21:44:57,2025-05-14 21:44:38
558,2025-05-14 21:45:10,2025-05-19 21:44:08
559,2025-05-19 21:45:07,2025-05-24 21:44:49
560,2025-05-24 21:45:03,2025-05-29 21:44:32
561,2025-05-29 21:45:01,2025-06-03 21:44:50
562,2025-06-03 21:44:52,2025-06-08 21:43:57
563,2025-06-08 21:45:28,2025-06-13 21:44:49
564,2025-06-13 21:45:32,2025-06-18 21:44:34
565,2025-06-18 21:45:01,2025-06-23 21:44:15
566,2025-06-23 21:45:23,2025-06-28 21:44:28
567,2025-06-28 21:45:04,2025-07-03 21:44:39
568,2025-07-03 21:45:09,2025-07-08 21:44:35
569,2025-07-08 21:45:05,2025-07-13 21:44:18
570,2025-07-13 21:45:10,2025-07-18 21:44:07
571,2025-07-18 21:45:23,2025-07-23 21:44:42
572,2025-07-23 21:45:06,2025-07-28 21:44:40
573,2025-07-28 21:45:06,2025-08-02 21:44:40
574,2025-08-02 21:46:03,2025-08-07 21:44:35
575,2025-08-07 21:44:51,2025-08-12 21:44:37
576,2025-08-12 21:45:04,2025-08-17 21:44:35
577,2025-08-17 21:45:08,2025-08-22 21:44:05
578,2025-08-22 21:45:01,2025-08-27 21:44:25
579,2025-08-27 21:44:51,2025-09-01 21:44:48
580,2025-09-01 21:44:58,2025-09-06 21:43:03
581,2025-09-06 21:45:15,2025-09-11 21:44:47
582,2025-09-11 21:45:08,2025-09-16 21:44:34
583,2025-09-16 21:44:54,2025-09-21 21:44:29
584,2025-09-21 21:45:23,2025-09-26 21:44:39
585,2025-09-26 21:44:57,2025-10-01 21:43:39
586,2025-10-01 21:45:29,2025-10-06 21:44:49
587,2025-10-06 21:45:11,2025-10-11 21:44:23
588,2025-10-11 21:45:16,2025-10-16 21:44:44
589,2025-10-16 21:45:04,2025-10-21 21:44:25
590,2025-10-21 21:45:28,2025-10-26 21:44:48
591,2025-10-26 21:45:30,2025-10-31 21:44:43
592,2025-10-31 21:45:16,2025-11-05 21:44:20
593,2025-11-05 21:44:51,2025-11-10 21:43:27
594,2025-11-10 21:44:57,2025-11-15 21:44:17
595,2025-11-15 21:44:54,2025-11-20 21:44:49
596,2025-11-20 21:44:55,2025-11-25 21:44:19
597,2025-11-25 21:44:51,2025-11-30 21:44:40
598,2025-11-30 21:45:34,2025-12-05 21:44:28
599,2025-12-05 21:44:52,2025-12-10 21:44:40
600,2025-12-10 21:45:01,2025-12-15 21:44:01
601,2025-12-15 21:44:58,2025-12-20 21:44:14
602,2025-12-20 21:44:51,2025-12-25 21:44:49
603,2025-12-25 21:45:03,2025-12-30 21:44:50
604,2025-12-30 21:44:57,2026-01-04 21:44:47
605,2026-01-04 21:44:52,2026-01-09 21:44:37
606,2026-01-09 21:45:21,2026-01-14 21:44:46
607,2026-01-14 21:45:07,2026-01-19 21:44:25
608,2026-01-19 21:45:05,2026-01-24 21:44:06
609,2026-01-24 21:44:56,2026-01-29 21:44:37
610,2026-01-29 21:44:55,2026-02-03 21:44:47
611,2026-02-03 21:45:28,2026-02-08 21:44:45
612,2026-02-08 21:44:55,2026-02-13 21:44:07
613,2026-02-13 21:44:52,2026-02-18 21:44:48
614,2026-02-18 21:46:13,2026-02-23 21:44:40
615,2026-02-23 21:44:53,2026-02-28 21:44:49
616,2026-02-28 21:45:58,2026-03-05 21:44:31
617,2026-03-05 21:45:09,2026-03-10 21:44:07
618,2026-03-10 21:44:57,2026-03-15 21:44:39
619,2026-03-15 21:44:58,2026-03-20 21:44:43
620,2026-03-20 21:44:53,2026-03-25 21:44:49
621,2026-03-25 21:45:07,2026-03-30 21:44:49
622,2026-03-30 21:44:56,2026-04-04 21:44:25
623,2026-04-04 21:45:12,2026-04-09 21:44:41
624,2026-04-09 21:45:39,2026-04-14 21:44:49
625,2026-04-14 21:45:12,2026-04-19 21:44:41
626,2026-04-19 21:45:08,2026-04-24 21:44:14
627,2026-04-24 21:45:22,2026-04-29 21:44:48
628,2026-04-29 21:45:08,2026-05-04 21:44:20
629,2026-05-04 21:44:57,2026-05-09 21:43:53
630,2026-05-09 21:45:19,2026-05-14 21:44:50
631,2026-05-14 21:44:51,2026-05-19 21:44:44
632,2026-05-19 21:45:10,2026-05-24 21:44:34
633,2026-05-24 21:44:52,2026-05-29 21:43:58
634,2026-05-29 21:44:51,2026-06-03 21:44:39
635,2026-06-03 21:45:10,2026-06-08 21:44:49
636,2026-06-08 21:45:43,2026-06-13 21:44:42
637,2026-06-13 21:44:55,2026-06-18 21:44:25
638,2026-06-18 21:44:52,2026-06-23 21:44:50
639,2026-06-23 21:45:00,2026-06-28 21:44:37
640,2026-06-28 21:44:53,2026-07-03 21:43:33
641,2026-07-03 21:44:51,2026-07-08 21:44:50
642,2026-07-08 21:45:16,2026-07-13 21:44:46
643,2026-07-13 21:45:08,2026-07-18 21:43:38
644,2026-07-18 21:53:13,2026-07-23 21:44:18
645,2026-07-23 21:44:58,2026-07-28 21:44:41
646,2026-07-28 21:44:55,2026-08-02 21:44:36
647,2026-08-02 21:44:51,2026-08-07 21:44:29
648,2026-08-07 21:44:53,2026-08-12 21:44:32
