epoch_no,created,consumed,net_change,utxo_count_end,ordinary_created,collateral_return_created,ordinary_consumed,collateral_consumed
0,52,38,14,14,52,0,38,0
1,18709,13900,4809,4823,18709,0,13900,0
2,7132,4686,2446,7269,7132,0,4686,0
3,5708,3623,2085,9354,5708,0,3623,0
4,6586,3872,2714,12068,6586,0,3872,0
5,4846,2966,1880,13948,4846,0,2966,0
6,4550,2762,1788,15736,4550,0,2762,0
7,5068,3104,1964,17700,5068,0,3104,0
8,3806,2259,1547,19247,3806,0,2259,0
9,4233,2660,1573,20820,4233,0,2660,0
10,3995,2427,1568,22388,3995,0,2427,0
11,4993,2942,2051,24439,4993,0,2942,0
12,6547,4026,2521,26960,6547,0,4026,0
13,23448,14688,8760,35720,23448,0,14688,0
14,27762,17875,9887,45607,27762,0,17875,0
15,26712,17205,9507,55114,26712,0,17205,0
16,55285,36297,18988,74102,55285,0,36297,0
17,81395,46708,34687,108789,81395,0,46708,0
18,48744,26751,21993,130782,48744,0,26751,0
19,43904,24920,18984,149766,43904,0,24920,0
20,30124,18645,11479,161245,30124,0,18645,0
21,42818,25122,17696,178941,42818,0,25122,0
22,52448,29050,23398,202339,52448,0,29050,0
23,44485,24712,19773,222112,44485,0,24712,0
24,35677,16298,19379,241491,35677,0,16298,0
25,35400,15914,19486,260977,35400,0,15914,0
26,34519,16402,18117,279094,34519,0,16402,0
27,29656,79589,-49933,229161,29656,0,79589,0
28,30397,17483,12914,242075,30397,0,17483,0
29,27830,17154,10676,252751,27830,0,17154,0
30,23154,14058,9096,261847,23154,0,14058,0
31,36112,24024,12088,273935,36112,0,24024,0
32,30562,20386,10176,284111,30562,0,20386,0
33,32741,19470,13271,297382,32741,0,19470,0
34,27062,18485,8577,305959,27062,0,18485,0
35,33419,21031,12388,318347,33419,0,21031,0
36,26568,17833,8735,327082,26568,0,17833,0
37,21120,13901,7219,334301,21120,0,13901,0
38,27734,18763,8971,343272,27734,0,18763,0
39,21883,15375,6508,349780,21883,0,15375,0
40,31042,22318,8724,358504,31042,0,22318,0
41,36922,25629,11293,369797,36922,0,25629,0
42,30965,21912,9053,378850,30965,0,21912,0
43,37615,26741,10874,389724,37615,0,26741,0
44,27433,18719,8714,398438,27433,0,18719,0
45,26154,19269,6885,405323,26154,0,19269,0
46,21640,14530,7110,412433,21640,0,14530,0
47,19013,13212,5801,418234,19013,0,13212,0
48,22850,14491,8359,426593,22850,0,14491,0
49,25095,17036,8059,434652,25095,0,17036,0
50,20767,13780,6987,441639,20767,0,13780,0
51,14515,9287,5228,446867,14515,0,9287,0
52,20868,17277,3591,450458,20868,0,17277,0
53,13321,10543,2778,453236,13321,0,10543,0
54,16380,10235,6145,459381,16380,0,10235,0
55,15259,12893,2366,461747,15259,0,12893,0
56,17835,12147,5688,467435,17835,0,12147,0
57,12526,8483,4043,471478,12526,0,8483,0
58,13394,8947,4447,475925,13394,0,8947,0
59,20644,14896,5748,481673,20644,0,14896,0
60,20183,14526,5657,487330,20183,0,14526,0
61,12844,9225,3619,490949,12844,0,9225,0
62,13830,8619,5211,496160,13830,0,8619,0
63,10492,7549,2943,499103,10492,0,7549,0
64,16156,10851,5305,504408,16156,0,10851,0
65,15698,11052,4646,509054,15698,0,11052,0
66,14015,13813,202,509256,14015,0,13813,0
67,15112,36040,-20928,488328,15112,0,36040,0
68,14343,11072,3271,491599,14343,0,11072,0
69,16554,13203,3351,494950,16554,0,13203,0
70,18189,13168,5021,499971,18189,0,13168,0
71,14513,10453,4060,504031,14513,0,10453,0
72,18803,16187,2616,506647,18803,0,16187,0
73,19115,13636,5479,512126,19115,0,13636,0
74,16640,12071,4569,516695,16640,0,12071,0
75,13668,10213,3455,520150,13668,0,10213,0
76,13499,10208,3291,523441,13499,0,10208,0
77,15912,15698,214,523655,15912,0,15698,0
78,12874,10119,2755,526410,12874,0,10119,0
79,14113,9856,4257,530667,14113,0,9856,0
80,13669,10574,3095,533762,13669,0,10574,0
81,16013,11673,4340,538102,16013,0,11673,0
82,13741,10105,3636,541738,13741,0,10105,0
83,16412,11451,4961,546699,16412,0,11451,0
84,6766,5097,1669,548368,6766,0,5097,0
85,13656,8885,4771,553139,13656,0,8885,0
86,17099,10749,6350,559489,17099,0,10749,0
87,19523,59052,-39529,519960,19523,0,59052,0
88,13502,8799,4703,524663,13502,0,8799,0
89,15567,19081,-3514,521149,15567,0,19081,0
90,21971,18137,3834,524983,21971,0,18137,0
91,19370,18163,1207,526190,19370,0,18163,0
92,16397,11932,4465,530655,16397,0,11932,0
93,17880,14162,3718,534373,17880,0,14162,0
94,22322,17385,4937,539310,22322,0,17385,0
95,15762,12462,3300,542610,15762,0,12462,0
96,17752,14950,2802,545412,17752,0,14950,0
97,14384,10476,3908,549320,14384,0,10476,0
98,18417,14150,4267,553587,18417,0,14150,0
99,13420,10383,3037,556624,13420,0,10383,0
100,14707,11819,2888,559512,14707,0,11819,0
101,15105,11914,3191,562703,15105,0,11914,0
102,18406,14316,4090,566793,18406,0,14316,0
103,17004,12479,4525,571318,17004,0,12479,0
104,17507,18745,-1238,570080,17507,0,18745,0
105,17177,33214,-16037,554043,17177,0,33214,0
106,24770,38130,-13360,540683,24770,0,38130,0
107,25539,28728,-3189,537494,25539,0,28728,0
108,31248,32630,-1382,536112,31248,0,32630,0
109,39561,40211,-650,535462,39561,0,40211,0
110,46050,47617,-1567,533895,46050,0,47617,0
111,54359,53417,942,534837,54359,0,53417,0
112,36418,35442,976,535813,36418,0,35442,0
113,28735,32312,-3577,532236,28735,0,32312,0
114,32309,33274,-965,531271,32309,0,33274,0
115,33506,34401,-895,530376,33506,0,34401,0
116,21882,21897,-15,530361,21882,0,21897,0
117,31338,28983,2355,532716,31338,0,28983,0
118,28280,30106,-1826,530890,28280,0,30106,0
119,47028,51990,-4962,525928,47028,0,51990,0
120,44230,43337,893,526821,44230,0,43337,0
121,42107,39584,2523,529344,42107,0,39584,0
122,48754,46545,2209,531553,48754,0,46545,0
123,45091,43745,1346,532899,45091,0,43745,0
124,36530,35087,1443,534342,36530,0,35087,0
125,40696,45252,-4556,529786,40696,0,45252,0
126,39479,38731,748,530534,39479,0,38731,0
127,45067,45532,-465,530069,45067,0,45532,0
128,45548,46058,-510,529559,45548,0,46058,0
129,35757,35095,662,530221,35757,0,35095,0
130,34301,32678,1623,531844,34301,0,32678,0
131,33605,32640,965,532809,33605,0,32640,0
132,31400,30205,1195,534004,31400,0,30205,0
133,24058,22517,1541,535545,24058,0,22517,0
134,20299,18873,1426,536971,20299,0,18873,0
135,24248,22620,1628,538599,24248,0,22620,0
136,27499,26847,652,539251,27499,0,26847,0
137,20817,21089,-272,538979,20817,0,21089,0
138,21638,21721,-83,538896,21638,0,21721,0
139,19659,19915,-256,538640,19659,0,19915,0
140,22443,20603,1840,540480,22443,0,20603,0
141,20344,19419,925,541405,20344,0,19419,0
142,20023,18381,1642,543047,20023,0,18381,0
143,21879,19912,1967,545014,21879,0,19912,0
144,19133,19634,-501,544513,19133,0,19634,0
145,17391,17625,-234,544279,17391,0,17625,0
146,22332,22938,-606,543673,22332,0,22938,0
147,16878,15791,1087,544760,16878,0,15791,0
148,19946,17060,2886,547646,19946,0,17060,0
149,14348,13780,568,548214,14348,0,13780,0
150,15259,16666,-1407,546807,15259,0,16666,0
151,16092,16377,-285,546522,16092,0,16377,0
152,24660,25288,-628,545894,24660,0,25288,0
153,19667,28827,-9160,536734,19667,0,28827,0
154,22059,21841,218,536952,22059,0,21841,0
155,30853,33930,-3077,533875,30853,0,33930,0
156,19648,20830,-1182,532693,19648,0,20830,0
157,22970,22147,823,533516,22970,0,22147,0
158,24096,24303,-207,533309,24096,0,24303,0
159,30834,33293,-2459,530850,30834,0,33293,0
160,12868,12569,299,531149,12868,0,12569,0
161,13182,13479,-297,530852,13182,0,13479,0
162,16401,16379,22,530874,16401,0,16379,0
163,16606,17032,-426,530448,16606,0,17032,0
164,14808,14076,732,531180,14808,0,14076,0
165,13873,14194,-321,530859,13873,0,14194,0
166,14355,14266,89,530948,14355,0,14266,0
167,17541,17081,460,531408,17541,0,17081,0
168,20149,19582,567,531975,20149,0,19582,0
169,22359,22457,-98,531877,22359,0,22457,0
170,17284,16375,909,532786,17284,0,16375,0
171,31290,31681,-391,532395,31290,0,31681,0
172,33330,32783,547,532942,33330,0,32783,0
173,35379,33417,1962,534904,35379,0,33417,0
174,43070,42033,1037,535941,43070,0,42033,0
175,36788,39569,-2781,533160,36788,0,39569,0
176,29075,26406,2669,535829,29075,0,26406,0
177,34764,32790,1974,537803,34764,0,32790,0
178,28853,26527,2326,540129,28853,0,26527,0
179,32173,30367,1806,541935,32173,0,30367,0
180,52969,50758,2211,544146,52969,0,50758,0
181,36588,33810,2778,546924,36588,0,33810,0
182,31742,28533,3209,550133,31742,0,28533,0
183,31798,26844,4954,555087,31798,0,26844,0
184,32306,32666,-360,554727,32306,0,32666,0
185,35764,33419,2345,557072,35764,0,33419,0
186,32269,28340,3929,561001,32269,0,28340,0
187,36584,32522,4062,565063,36584,0,32522,0
188,47996,44436,3560,568623,47996,0,44436,0
189,59882,55968,3914,572537,59882,0,55968,0
190,48626,44366,4260,576797,48626,0,44366,0
191,54201,50124,4077,580874,54201,0,50124,0
192,52197,48456,3741,584615,52197,0,48456,0
193,52788,47358,5430,590045,52788,0,47358,0
194,55087,49437,5650,595695,55087,0,49437,0
195,68951,64768,4183,599878,68951,0,64768,0
196,94412,91240,3172,603050,94412,0,91240,0
197,72554,63860,8694,611744,72554,0,63860,0
198,66829,57891,8938,620682,66829,0,57891,0
199,66738,60030,6708,627390,66738,0,60030,0
200,58914,50746,8168,635558,58914,0,50746,0
201,61253,56937,4316,639874,61253,0,56937,0
202,77093,74934,2159,642033,77093,0,74934,0
203,112087,99842,12245,654278,112087,0,99842,0
204,78997,64550,14447,668725,78997,0,64550,0
205,75313,60049,15264,683989,75313,0,60049,0
206,68621,51891,16730,700719,68621,0,51891,0
207,88065,73348,14717,715436,88065,0,73348,0
208,129966,140061,-10095,705341,129966,0,140061,0
209,78364,69156,9208,714549,78364,0,69156,0
210,79289,72838,6451,721000,79289,0,72838,0
211,62400,61188,1212,722212,62400,0,61188,0
212,52398,50385,2013,724225,52398,0,50385,0
213,59850,65151,-5301,718924,59850,0,65151,0
214,63139,64896,-1757,717167,63139,0,64896,0
215,66375,66888,-513,716654,66375,0,66888,0
216,45650,49681,-4031,712623,45650,0,49681,0
217,39421,40172,-751,711872,39421,0,40172,0
218,37375,36638,737,712609,37375,0,36638,0
219,41464,40937,527,713136,41464,0,40937,0
220,40327,39316,1011,714147,40327,0,39316,0
221,32117,31933,184,714331,32117,0,31933,0
222,37426,35617,1809,716140,37426,0,35617,0
223,35484,32359,3125,719265,35484,0,32359,0
224,34511,31393,3118,722383,34511,0,31393,0
225,33499,34852,-1353,721030,33499,0,34852,0
226,39041,35523,3518,724548,39041,0,35523,0
227,43173,44125,-952,723596,43173,0,44125,0
228,56827,56897,-70,723526,56827,0,56897,0
229,44088,40961,3127,726653,44088,0,40961,0
230,60866,57733,3133,729786,60866,0,57733,0
231,91810,92675,-865,728921,91810,0,92675,0
232,102165,89964,12201,741122,102165,0,89964,0
233,75112,64486,10626,751748,75112,0,64486,0
234,70205,62455,7750,759498,70205,0,62455,0
235,69633,63059,6574,766072,69633,0,63059,0
236,68450,61502,6948,773020,68450,0,61502,0
237,87228,76210,11018,784038,87228,0,76210,0
238,115387,102267,13120,797158,115387,0,102267,0
239,152171,130712,21459,818617,152171,0,130712,0
240,226102,191882,34220,852837,226102,0,191882,0
241,164611,136236,28375,881212,164611,0,136236,0
242,189200,155673,33527,914739,189200,0,155673,0
243,140928,119091,21837,936576,140928,0,119091,0
244,143488,118772,24716,961292,143488,0,118772,0
245,219689,180885,38804,1000096,219689,0,180885,0
246,368019,288065,79954,1080050,368019,0,288065,0
247,412040,337712,74328,1154378,412040,0,337712,0
248,374687,276598,98089,1252467,374687,0,276598,0
249,479886,370575,109311,1361778,479886,0,370575,0
250,450489,410800,39689,1401467,450489,0,410800,0
251,399384,373097,26287,1427754,399384,0,373097,0
252,340887,285710,55177,1482931,340887,0,285710,0
253,390599,319946,70653,1553584,390599,0,319946,0
254,517488,467331,50157,1603741,517488,0,467331,0
255,411833,347483,64350,1668091,411833,0,347483,0
256,337777,271777,66000,1734091,337777,0,271777,0
257,426727,349342,77385,1811476,426727,0,349342,0
258,417230,431059,-13829,1797647,417230,0,431059,0
259,500379,435895,64484,1862131,500379,0,435895,0
260,520316,458929,61387,1923518,520316,0,458929,0
261,453820,381133,72687,1996205,453820,0,381133,0
262,396009,344578,51431,2047636,396009,0,344578,0
263,525512,465434,60078,2107714,525512,0,465434,0
264,632589,562073,70516,2178230,632589,0,562073,0
265,743572,637379,106193,2284423,743572,0,637379,0
266,744052,675515,68537,2352960,744052,0,675515,0
267,579251,520102,59149,2412109,579251,0,520102,0
268,463479,404164,59315,2471424,463479,0,404164,0
269,425507,373906,51601,2523025,425507,0,373906,0
270,369899,314693,55206,2578231,369899,0,314693,0
271,318418,274140,44278,2622509,318418,0,274140,0
272,289571,245983,43588,2666097,289571,0,245983,0
273,346818,315288,31530,2697627,346818,0,315288,0
274,299550,268710,30840,2728467,299550,0,268710,0
275,295969,254735,41234,2769701,295969,0,254735,0
276,307873,266372,41501,2811202,307873,0,266372,0
277,292063,249539,42524,2853726,292063,0,249539,0
278,292279,254720,37559,2891285,292279,0,254720,0
279,281221,249330,31891,2923176,281221,0,249330,0
280,293760,493068,-199308,2723868,293760,0,493068,0
281,329101,286781,42320,2766188,329101,0,286781,0
282,355753,313569,42184,2808372,355753,0,313569,0
283,493250,493938,-688,2807684,493250,0,493938,0
284,537822,548790,-10968,2796716,537822,0,548790,0
285,721417,670447,50970,2847686,721417,0,670447,0
286,802652,706516,96136,2943822,802652,0,706516,0
287,878089,803912,74177,3017999,878089,0,803912,0
288,1045573,937251,108322,3126321,1045573,0,937251,0
289,1113710,1025277,88433,3214754,1113710,0,1025277,0
290,951737,826224,125513,3340267,951737,0,826224,0
291,931334,871126,60208,3400475,931334,0,871126,0
292,1019356,882715,136641,3537116,1019356,0,882715,0
293,984716,900121,84595,3621711,984716,0,900121,0
294,886047,917923,-31876,3589835,886047,0,917923,0
295,808630,781316,27314,3617149,808630,0,781316,0
296,803188,724186,79002,3696151,803188,0,724186,0
297,784975,735923,49052,3745203,784975,0,735923,0
298,1035766,919574,116192,3861395,1035766,0,919574,0
299,1309818,1239706,70112,3931507,1309818,0,1239706,0
300,878944,907134,-28190,3903317,878944,0,907134,0
301,1030686,988974,41712,3945029,1030686,0,988974,0
302,2597259,2272799,324460,4269489,2597259,0,2272799,0
303,1177839,1169470,8369,4277858,1177839,0,1169470,0
304,4291714,4140951,150763,4428621,4291714,0,4140951,0
305,1918812,1886864,31948,4460569,1918812,0,1886864,0
306,1236601,1234497,2104,4462673,1236601,0,1234497,0
307,1416063,1334707,81356,4544029,1416063,0,1334707,0
308,971124,972969,-1845,4542184,971124,0,972969,0
309,1314953,1211953,103000,4645184,1314953,0,1211953,0
310,1153298,1119397,33901,4679085,1153298,0,1119397,0
311,1181387,1164959,16428,4695513,1181387,0,1164959,0
312,1345130,1300233,44897,4740410,1345130,0,1300233,0
313,1672702,1604718,67984,4808394,1672702,0,1604718,0
314,1689548,1560132,129416,4937810,1689548,0,1560132,0
315,2282463,2203921,78542,5016352,2282463,0,2203921,0
316,2079165,1956902,122263,5138615,2079165,0,1956902,0
317,2069195,1860416,208779,5347394,2069195,0,1860416,0
318,1839354,1739806,99548,5446942,1839354,0,1739806,0
319,1829869,1738398,91471,5538413,1829869,0,1738398,0
320,1749129,1658027,91102,5629515,1749129,0,1658027,0
321,1800802,1692174,108628,5738143,1800802,0,1692174,0
322,1725476,1642956,82520,5820663,1725476,0,1642956,0
323,1662453,1548875,113578,5934241,1662453,0,1548875,0
324,1646737,1558404,88333,6022574,1646737,0,1558404,0
325,1450232,1357350,92882,6115456,1450232,0,1357350,0
326,1767173,1629186,137987,6253443,1767173,0,1629186,0
327,1653505,1563474,90031,6343474,1653505,0,1563474,0
328,1619676,1576352,43324,6386798,1619676,0,1576352,0
329,1543547,1487125,56422,6443220,1543547,0,1487125,0
330,1410257,1347190,63067,6506287,1410257,0,1347190,0
331,1338901,1262490,76411,6582698,1338901,0,1262490,0
332,1776430,1599271,177159,6759857,1776430,0,1599271,0
333,1775207,1612860,162347,6922204,1775207,0,1612860,0
334,1648711,1519045,129666,7051870,1648711,0,1519045,0
335,1807252,1666909,140343,7192213,1807252,0,1666909,0
336,1662327,1577899,84428,7276641,1662327,0,1577899,0
337,1478738,1384721,94017,7370658,1478738,0,1384721,0
338,1518177,1550949,-32772,7337886,1518177,0,1550949,0
339,1491068,1386436,104632,7442518,1491068,0,1386436,0
340,1351466,1240328,111138,7553656,1351466,0,1240328,0
341,1473421,1397777,75644,7629300,1473421,0,1397777,0
342,1402506,1311818,90688,7719988,1402506,0,1311818,0
343,1390222,1336759,53463,7773451,1390222,0,1336759,0
344,1201070,1217099,-16029,7757422,1201070,0,1217099,0
345,1059659,1021783,37876,7795298,1059659,0,1021783,0
346,991851,913890,77961,7873259,991851,0,913890,0
347,1048028,1021657,26371,7899630,1048028,0,1021657,0
348,1045684,965688,79996,7979626,1045684,0,965688,0
349,1081446,1054390,27056,8006682,1081446,0,1054390,0
350,1002513,947906,54607,8061289,1002513,0,947906,0
351,1198591,1165153,33438,8094727,1198591,0,1165153,0
352,1132335,1109165,23170,8117897,1132335,0,1109165,0
353,1031272,956547,74725,8192622,1031272,0,956547,0
354,1257731,1215667,42064,8234686,1257731,0,1215667,0
355,1078779,1053354,25425,8260111,1078779,0,1053354,0
356,1014735,958815,55920,8316031,1014735,0,958815,0
357,1083895,1046612,37283,8353314,1083895,0,1046612,0
358,1074382,1007204,67178,8420492,1074382,0,1007204,0
359,1002944,997278,5666,8426158,1002944,0,997278,0
360,1014087,1003120,10967,8437125,1014087,0,1003120,0
361,1036076,996512,39564,8476689,1036076,0,996512,0
362,933070,907918,25152,8501841,933070,0,907918,0
363,866573,845991,20582,8522423,866573,0,845991,0
364,993061,961281,31780,8554203,993061,0,961281,0
365,966857,990961,-24104,8530099,966857,0,990961,0
366,1094678,1026631,68047,8598146,1094678,0,1026631,0
367,1005191,972140,33051,8631197,1005191,0,972140,0
368,1023846,962929,60917,8692114,1023846,0,962929,0
369,1221324,1195791,25533,8717647,1221324,0,1195791,0
370,1466712,1367567,99145,8816792,1466712,0,1367567,0
371,1512836,1521186,-8350,8808442,1512836,0,1521186,0
372,1331142,1288054,43088,8851530,1331142,0,1288054,0
373,1297615,1224853,72762,8924292,1297615,0,1224853,0
374,1136802,1154123,-17321,8906971,1136802,0,1154123,0
375,1177561,1010859,166702,9073673,1177561,0,1010859,0
376,1155871,1051455,104416,9178089,1155871,0,1051455,0
377,1287280,1213007,74273,9252362,1287280,0,1213007,0
378,1036772,990799,45973,9298335,1036772,0,990799,0
379,1048630,969841,78789,9377124,1048630,0,969841,0
380,1021943,988799,33144,9410268,1021943,0,988799,0
381,1262831,1178130,84701,9494969,1262831,0,1178130,0
382,1117012,1092805,24207,9519176,1117012,0,1092805,0
383,998886,984720,14166,9533342,998886,0,984720,0
384,1054863,1053028,1835,9535177,1054863,0,1053028,0
385,1164460,1134490,29970,9565147,1164460,0,1134490,0
386,1316099,1269437,46662,9611809,1316099,0,1269437,0
387,1198466,1124664,73802,9685611,1198466,0,1124664,0
388,1078565,1148503,-69938,9615673,1078565,0,1148503,0
389,1033600,980585,53015,9668688,1033600,0,980585,0
390,1068975,1056189,12786,9681474,1068975,0,1056189,0
391,1322145,1350410,-28265,9653209,1322145,0,1350410,0
392,1207113,1179328,27785,9680994,1207113,0,1179328,0
393,1038122,973280,64842,9745836,1038122,0,973280,0
394,905109,880647,24462,9770298,905109,0,880647,0
395,877137,839291,37846,9808144,877137,0,839291,0
396,930965,877900,53065,9861209,930965,0,877900,0
397,878257,849068,29189,9890398,878257,0,849068,0
398,883944,859477,24467,9914865,883944,0,859477,0
399,945738,1049104,-103366,9811499,945738,0,1049104,0
400,1026638,1004867,21771,9833270,1026638,0,1004867,0
401,938995,892507,46488,9879758,938995,0,892507,0
402,787820,760243,27577,9907335,787820,0,760243,0
403,878752,891365,-12613,9894722,878752,0,891365,0
404,793841,744793,49048,9943770,793841,0,744793,0
405,889018,855933,33085,9976855,889018,0,855933,0
406,819732,841097,-21365,9955490,819732,0,841097,0
407,811121,862708,-51587,9903903,811121,0,862708,0
408,779899,812735,-32836,9871067,779899,0,812735,0
409,980157,1053577,-73420,9797647,980157,0,1053577,0
410,1230171,1192500,37671,9835318,1230171,0,1192500,0
411,1008843,969393,39450,9874768,1008843,0,969393,0
412,1035239,997539,37700,9912468,1035239,0,997539,0
413,1309664,1305264,4400,9916868,1309664,0,1305264,0
414,1406852,1373636,33216,9950084,1406852,0,1373636,0
415,1505298,1486451,18847,9968931,1505298,0,1486451,0
416,1397506,1391731,5775,9974706,1397506,0,1391731,0
417,1189764,1138221,51543,10026249,1189764,0,1138221,0
418,1072143,1073391,-1248,10025001,1072143,0,1073391,0
419,1147906,1102926,44980,10069981,1147906,0,1102926,0
420,1253900,1237137,16763,10086744,1253900,0,1237137,0
421,1210103,1167452,42651,10129395,1210103,0,1167452,0
422,1293512,1245075,48437,10177832,1293512,0,1245075,0
423,1412789,1388906,23883,10201715,1412789,0,1388906,0
424,1153029,1154626,-1597,10200118,1153029,0,1154626,0
425,1182977,1147078,35899,10236017,1182977,0,1147078,0
426,1140132,1102720,37412,10273429,1140132,0,1102720,0
427,1035742,1032956,2786,10276215,1035742,0,1032956,0
428,1111876,1052450,59426,10335641,1111876,0,1052450,0
429,875401,921755,-46354,10289287,875401,0,921755,0
430,859699,835633,24066,10313353,859699,0,835633,0
431,804390,784907,19483,10332836,804390,0,784907,0
432,756529,719835,36694,10369530,756529,0,719835,0
433,940074,921480,18594,10388124,940074,0,921480,0
434,778537,799071,-20534,10367590,778537,0,799071,0
435,788319,767469,20850,10388440,788319,0,767469,0
436,750466,715143,35323,10423763,750466,0,715143,0
437,757177,706057,51120,10474883,757177,0,706057,0
438,904710,867389,37321,10512204,904710,0,867389,0
439,942494,984934,-42440,10469764,942494,0,984934,0
440,886386,874246,12140,10481904,886386,0,874246,0
441,877422,865365,12057,10493961,877422,0,865365,0
442,957739,990905,-33166,10460795,957739,0,990905,0
443,862030,826603,35427,10496222,862030,0,826603,0
444,969751,1005009,-35258,10460964,969751,0,1005009,0
445,919735,886899,32836,10493800,919735,0,886899,0
446,969885,953610,16275,10510075,969885,0,953610,0
447,970767,977993,-7226,10502849,970767,0,977993,0
448,981163,962834,18329,10521178,981163,0,962834,0
449,957495,971528,-14033,10507145,957495,0,971528,0
450,879377,843333,36044,10543189,879377,0,843333,0
451,1031252,1082545,-51293,10491896,1031252,0,1082545,0
452,1142625,1140854,1771,10493667,1142625,0,1140854,0
453,1505292,1491986,13306,10506973,1505292,0,1491986,0
454,1479810,1392502,87308,10594281,1479810,0,1392502,0
455,1484271,1430288,53983,10648264,1484271,0,1430288,0
456,1394163,1319710,74453,10722717,1394163,0,1319710,0
457,1519357,1518473,884,10723601,1519357,0,1518473,0
458,1424977,1388289,36688,10760289,1424977,0,1388289,0
459,1486186,1425285,60901,10821190,1486186,0,1425285,0
460,1415079,1391026,24053,10845243,1415079,0,1391026,0
461,1272723,1215488,57235,10902478,1272723,0,1215488,0
462,1199718,1159281,40437,10942915,1199718,0,1159281,0
463,1121055,1078476,42579,10985494,1121055,0,1078476,0
464,1168296,1102949,65347,11050841,1168296,0,1102949,0
465,1174405,1139467,34938,11085779,1174405,0,1139467,0
466,1153728,1147258,6470,11092249,1153728,0,1147258,0
467,1114368,1055239,59129,11151378,1114368,0,1055239,0
468,1097633,1128785,-31152,11120226,1097633,0,1128785,0
469,1136472,1135851,621,11120847,1136472,0,1135851,0
470,1226554,1227093,-539,11120308,1226554,0,1227093,0
471,1195225,1177954,17271,11137579,1195225,0,1177954,0
472,1164247,1171382,-7135,11130444,1164247,0,1171382,0
473,990007,957336,32671,11163115,990007,0,957336,0
474,795944,803447,-7503,11155612,795944,0,803447,0
475,887588,893481,-5893,11149719,887588,0,893481,0
476,906983,939923,-32940,11116779,906983,0,939923,0
477,840523,827853,12670,11129449,840523,0,827853,0
478,844100,823364,20736,11150185,844100,0,823364,0
479,806898,807781,-883,11149302,806898,0,807781,0
480,729622,711522,18100,11167402,729622,0,711522,0
481,668595,660961,7634,11175036,668595,0,660961,0
482,690095,677797,12298,11187334,690095,0,677797,0
483,672913,678730,-5817,11181517,672913,0,678730,0
484,690284,708681,-18397,11163120,690284,0,708681,0
485,762483,766425,-3942,11159178,762483,0,766425,0
486,731647,737178,-5531,11153647,731647,0,737178,0
487,627926,618802,9124,11162771,627926,0,618802,0
488,644818,664911,-20093,11142678,644818,0,664911,0
489,706591,738298,-31707,11110971,706591,0,738298,0
490,629360,643356,-13996,11096975,629360,0,643356,0
491,652582,641367,11215,11108190,652582,0,641367,0
492,1221259,1227899,-6640,11101550,1221259,0,1227899,0
493,1182062,1156322,25740,11127290,1182062,0,1156322,0
494,913890,912202,1688,11128978,913890,0,912202,0
495,755726,733706,22020,11150998,755726,0,733706,0
496,852036,904008,-51972,11099026,852036,0,904008,0
497,773187,767903,5284,11104310,773187,0,767903,0
498,708715,677792,30923,11135233,708715,0,677792,0
499,636927,662772,-25845,11109388,636927,0,662772,0
500,705013,699438,5575,11114963,705013,0,699438,0
501,686358,685480,878,11115841,686358,0,685480,0
502,577600,575124,2476,11118317,577600,0,575124,0
503,533987,513110,20877,11139194,533987,0,513110,0
504,535207,541541,-6334,11132860,535207,0,541541,0
505,634776,631701,3075,11135935,634776,0,631701,0
506,650638,646392,4246,11140181,650638,0,646392,0
507,937031,891284,45747,11185928,937031,0,891284,0
508,785409,742656,42753,11228681,785409,0,742656,0
509,619383,627604,-8221,11220460,619383,0,627604,0
510,546171,528508,17663,11238123,546171,0,528508,0
511,556246,548804,7442,11245565,556246,0,548804,0
512,593783,615616,-21833,11223732,593783,0,615616,0
513,482568,466816,15752,11239484,482568,0,466816,0
514,517970,541474,-23504,11215980,517970,0,541474,0
515,527508,533777,-6269,11209711,527508,0,533777,0
516,576400,580043,-3643,11206068,576400,0,580043,0
517,579817,560205,19612,11225680,579817,0,560205,0
518,634679,617918,16761,11242441,634679,0,617918,0
519,628285,655916,-27631,11214810,628285,0,655916,0
520,1017714,1033627,-15913,11198897,1017714,0,1033627,0
521,1029942,1068617,-38675,11160222,1029942,0,1068617,0
522,1506781,1515926,-9145,11151077,1506781,0,1515926,0
523,1699679,1716198,-16519,11134558,1699679,0,1716198,0
524,1488568,1474671,13897,11148455,1488568,0,1474671,0
525,1766746,1871924,-105178,11043277,1766746,0,1871924,0
526,1601484,1569240,32244,11075521,1601484,0,1569240,0
527,1361898,1307501,54397,11129918,1361898,0,1307501,0
528,1117999,1166585,-48586,11081332,1117999,0,1166585,0
529,1206731,1154255,52476,11133808,1206731,0,1154255,0
530,903912,870998,32914,11166722,903912,0,870998,0
531,887489,895643,-8154,11158568,887489,0,895643,0
532,753495,804625,-51130,11107438,753495,0,804625,0
533,837736,798502,39234,11146672,837736,0,798502,0
534,1123847,1108396,15451,11162123,1123847,0,1108396,0
535,875894,985318,-109424,11052699,875894,0,985318,0
536,802235,784897,17338,11070037,802235,0,784897,0
537,1025127,1035091,-9964,11060073,1025127,0,1035091,0
538,661529,643633,17896,11077969,661529,0,643633,0
539,629251,645024,-15773,11062196,629251,0,645024,0
540,667393,731376,-63983,10998213,667393,0,731376,0
541,636994,601735,35259,11033472,636994,0,601735,0
542,625652,718673,-93021,10940451,625652,0,718673,0
543,857810,857715,95,10940546,857810,0,857715,0
544,555405,545024,10381,10950927,555405,0,545024,0
545,446554,442054,4500,10955427,446554,0,442054,0
546,377680,371204,6476,10961903,377680,0,371204,0
547,396111,383718,12393,10974296,396111,0,383718,0
548,381387,372664,8723,10983019,381387,0,372664,0
549,402791,404277,-1486,10981533,402791,0,404277,0
550,487112,480015,7097,10988630,487112,0,480015,0
551,384447,377489,6958,10995588,384447,0,377489,0
552,364425,356416,8009,11003597,364425,0,356416,0
553,472968,489716,-16748,10986849,472968,0,489716,0
554,496235,517708,-21473,10965376,496235,0,517708,0
555,436982,429257,7725,10973101,436982,0,429257,0
556,494958,490581,4377,10977478,494958,0,490581,0
557,514615,531298,-16683,10960795,514615,0,531298,0
558,471615,461504,10111,10970906,471615,0,461504,0
559,513937,463033,50904,11021810,513937,0,463033,0
560,434571,443038,-8467,11013343,434571,0,443038,0
561,465203,454068,11135,11024478,465203,0,454068,0
562,423029,421799,1230,11025708,423029,0,421799,0
563,470611,455966,14645,11040353,470611,0,455966,0
564,390182,388258,1924,11042277,390182,0,388258,0
565,418353,414504,3849,11046126,418353,0,414504,0
566,388165,386676,1489,11047615,388165,0,386676,0
567,459171,458385,786,11048401,459171,0,458385,0
568,346468,332634,13834,11062235,346468,0,332634,0
569,524163,541266,-17103,11045132,524163,0,541266,0
570,573029,560526,12503,11057635,573029,0,560526,0
571,529283,536715,-7432,11050203,529283,0,536715,0
572,440839,450261,-9422,11040781,440839,0,450261,0
573,509507,500144,9363,11050144,509507,0,500144,0
574,526885,506128,20757,11070901,526885,0,506128,0
575,565123,590854,-25731,11045170,565123,0,590854,0
576,629268,630349,-1081,11044089,629268,0,630349,0
577,466836,468940,-2104,11041985,466836,0,468940,0
578,394991,398877,-3886,11038099,394991,0,398877,0
579,387482,379722,7760,11045859,387482,0,379722,0
580,483232,478773,4459,11050318,483232,0,478773,0
581,476289,474942,1347,11051665,476289,0,474942,0
582,482040,500046,-18006,11033659,482040,0,500046,0
583,405762,417111,-11349,11022310,405762,0,417111,0
584,426133,434169,-8036,11014274,426133,0,434169,0
585,366194,397754,-31560,10982714,366194,0,397754,0
586,379645,383981,-4336,10978378,379645,0,383981,0
587,439332,445665,-6333,10972045,439332,0,445665,0
588,402885,397517,5368,10977413,402885,0,397517,0
589,381121,373820,7301,10984714,381121,0,373820,0
590,377226,369380,7846,10992560,377226,0,369380,0
591,438054,448303,-10249,10982311,438054,0,448303,0
592,502102,501324,778,10983089,502102,0,501324,0
593,397813,382471,15342,10998431,397813,0,382471,0
594,369894,375004,-5110,10993321,369894,0,375004,0
595,477458,478288,-830,10992491,477458,0,478288,0
596,390445,387251,3194,10995685,390445,0,387251,0
597,355389,347700,7689,11003374,355389,0,347700,0
598,399587,398344,1243,11004617,399587,0,398344,0
599,579449,578574,875,11005492,579449,0,578574,0
600,736111,711207,24904,11030396,736111,0,711207,0
601,640890,622377,18513,11048909,640890,0,622377,0
602,652986,645957,7029,11055938,652986,0,645957,0
603,453642,443486,10156,11066094,453642,0,443486,0
604,464949,451341,13608,11079702,464949,0,451341,0
605,419828,416362,3466,11083168,419828,0,416362,0
606,317799,323186,-5387,11077781,317799,0,323186,0
607,325604,324544,1060,11078841,325604,0,324544,0
608,335861,323414,12447,11091288,335861,0,323414,0
609,334975,332178,2797,11094085,334975,0,332178,0
610,529872,523627,6245,11100330,529872,0,523627,0
611,522205,514262,7943,11108273,522205,0,514262,0
612,374922,359737,15185,11123458,374922,0,359737,0
613,322947,321948,999,11124457,322947,0,321948,0
614,323438,318483,4955,11129412,323438,0,318483,0
615,358595,356947,1648,11131060,358595,0,356947,0
616,314492,304732,9760,11140820,314492,0,304732,0
617,268099,263678,4421,11145241,268099,0,263678,0
618,352592,347978,4614,11149855,352592,0,347978,0
619,316398,314161,2237,11152092,316398,0,314161,0
620,306108,305703,405,11152497,306108,0,305703,0
621,340572,328271,12301,11164798,340572,0,328271,0
622,363481,353024,10457,11175255,363481,0,353024,0
623,278642,278230,412,11175667,278642,0,278230,0
624,273660,266892,6768,11182435,273660,0,266892,0
625,289395,281058,8337,11190772,289395,0,281058,0
626,304436,317250,-12814,11177958,304436,0,317250,0
627,310066,317267,-7201,11170757,310066,0,317267,0
628,266518,275733,-9215,11161542,266518,0,275733,0
629,328721,337678,-8957,11152585,328721,0,337678,0
630,298866,295738,3128,11155713,298866,0,295738,0
631,285849,285041,808,11156521,285849,0,285041,0
632,340860,347104,-6244,11150277,340860,0,347104,0
633,354109,348260,5849,11156126,354109,0,348260,0
634,392869,403911,-11042,11145084,392869,0,403911,0
635,580655,593837,-13182,11131902,580655,0,593837,0
636,325582,324003,1579,11133481,325582,0,324003,0
637,348114,351480,-3366,11130115,348114,0,351480,0
638,345879,386436,-40557,11089558,345879,0,386436,0
639,330113,339447,-9334,11080224,330113,0,339447,0
640,313393,308492,4901,11085125,313393,0,308492,0
641,302653,309610,-6957,11078168,302653,0,309610,0
642,272717,268913,3804,11081972,272717,0,268913,0
643,260452,258383,2069,11084041,260452,0,258383,0
644,484167,477759,6408,11090449,484167,0,477759,0
645,241571,237857,3714,11094163,241571,0,237857,0
646,263341,271389,-8048,11086115,263341,0,271389,0
647,245117,248284,-3167,11082948,245117,0,248284,0
648,199122,205741,-6619,11076329,199122,0,205741,0
